<?xml version="1.0" encoding="UTF-8" standalone="yes"?>
<addon id="script.pulsar.newpct" name="Pulsar NEWPCT Provider" version="0.0.1" provider-name="newpct">
	<requires>
		<import addon="xbmc.python" version="2.12.0"/>
	</requires>
	<extension point="xbmc.python.script" library="main.py">
		<provides>executable</provides>
	</extension>
	<extension point="xbmc.addon.metadata">
		<summary lang="en">Pulsar NEWPCT Provider</summary>
		<language></language>
		<platform>all</platform>
	</extension>
</addon>
